key	category	en	ja	zh-Hans	ko-wg1	ko-nsw	ko-proposed	status	notes
character_aki_name	character	Aki	アキ	秋		아키	아키	draft	NSW WG2 번역을 Windows WG2 초안으로 사용
character_aki_pirate_name	character	Akuma Aki	デビル・アキ	海煞秋皇		아쿠마 아키	아쿠마 아키	draft	NSW WG2 번역을 Windows WG2 초안으로 사용
character_akua_name	character	Auntie Akua	アクアおばさん	阿克阿姨		아쿠아 아주머니	아쿠아 아주머니	draft	NSW WG2 번역을 Windows WG2 초안으로 사용
character_alchemist_name	character	Alchemist	錬金術師	炼金术士		연금술사	연금술사	draft	NSW WG2 번역을 Windows WG2 초안으로 사용
character_archer_name	character	Archer	弓兵	弓兵		궁수	궁수	draft	NSW WG2 번역을 Windows WG2 초안으로 사용
character_artyl_name	character	Artyl	「アーティル」	阿泰尔		아틸	아틸	draft	NSW WG2 번역을 Windows WG2 초안으로 사용
character_bandit_name	character	Bandit	盗賊	强盗		산적	산적	draft	NSW WG2 번역을 Windows WG2 초안으로 사용
character_beatrice_name	character	Beatrice	ベアトリス	碧翠丝		베아트리스	베아트리스	draft	NSW WG2 번역을 Windows WG2 초안으로 사용
character_beggar_name	character	Fritz	フリッツ	弗里茨		프리츠	프리츠	draft	NSW WG2 번역을 Windows WG2 초안으로 사용
character_bill_name	character	Bill	ビル	比尔		빌	빌	draft	NSW WG2 번역을 Windows WG2 초안으로 사용
character_bulrush_name	character	Bulrush	ブルラッシュ	布拉什		불러시	불러시	draft	NSW WG2 번역을 Windows WG2 초안으로 사용
character_cadet_name	character	Naval Cadet	海軍士官候補生	海军新兵		해군 사관후보생	해군 사관후보생	draft	NSW WG2 번역을 Windows WG2 초안으로 사용
character_caesar_age	character	7	７歳	7				untranslated	
character_caesar_height	character	109 cm	体高109cm	109 cm		109 cm	109 cm	draft	NSW WG2 번역을 Windows WG2 초안으로 사용
character_caesar_name	character	Caesar	シーザー	凯撒	시저	시저	시저	draft	Wargroove 1 공식 한국어 우선
character_caesar_title	character	A Queen's Best Friend	女王の親友	女王最好的朋友	여왕의 벗	여왕의 벗	여왕의 벗	draft	Wargroove 1 공식 한국어 우선
character_carpenter_name	character	Town Carpenter	町の大工	小镇木匠		마을 목수	마을 목수	draft	NSW WG2 번역을 Windows WG2 초안으로 사용
character_cgovernor_name	character	Colony Governor	植民地の知事	殖民地总督		식민지 총독	식민지 총독	draft	NSW WG2 번역을 Windows WG2 초안으로 사용
character_chizoba_name	character	Grandmother Chizoba	チゾバおばあちゃん	奇佐巴奶奶		치조바 할머니	치조바 할머니	draft	NSW WG2 번역을 Windows WG2 초안으로 사용
character_conquest_kraken_name	character	Deadeye Dux	デッドアイ・ダックス	神枪手达克斯		명사수 덕스	명사수 덕스	draft	NSW WG2 번역을 Windows WG2 초안으로 사용
character_conquest_mage_name	character	Oddvar	オドヴァル	奥德瓦		오드바르	오드바르	draft	NSW WG2 번역을 Windows WG2 초안으로 사용
character_cremini_name	character	Cremini	クレミニ	克雷米尼		크레미니	크레미니	draft	NSW WG2 번역을 Windows WG2 초안으로 사용
character_crewman_name	character	Crewman	乗組員	船员		선원	선원	draft	NSW WG2 번역을 Windows WG2 초안으로 사용
character_crumblecroft_name	character	Col. Crumblecroft	クランブルクロフト大佐	克朗伯克上校		크럼블크로프트 대령	크럼블크로프트 대령	draft	NSW WG2 번역을 Windows WG2 초안으로 사용
character_crystalmerch_name	character	Starglass Merchant	スターグラスの商人	斯达格拉斯商人		스타글래스 상인	스타글래스 상인	draft	NSW WG2 번역을 Windows WG2 초안으로 사용
character_cylinder_name	character	Cylinder	シリンダー	赛林达		실린더	실린더	draft	NSW WG2 번역을 Windows WG2 초안으로 사용
character_darkmercia_age	character	6, in a sense.	６歳に相当	从某种意义上来说，6岁。		어떤 의미로는 6세.	어떤 의미로는 6세.	draft	NSW WG2 번역을 Windows WG2 초안으로 사용
character_darkmercia_birthday	character	It was a cold day at the grave.	とある寒い日の墓場で生まれた。	那是墓地里很冷的一天。		무덤가의 추운 어느 날.	무덤가의 추운 어느 날.	draft	NSW WG2 번역을 Windows WG2 초안으로 사용
character_darkmercia_height	character	Looms large.	日増しに大きくなっている。	气场两米八。		크게 드리운다.	크게 드리운다.	draft	NSW WG2 번역을 Windows WG2 초안으로 사용
character_darkmercia_name	character	Dark Mercia	闇のマーシア	黑暗玛丝雅	다크 머시아	다크 머시아	다크 머시아	draft	Wargroove 1 공식 한국어 우선
character_darkmercia_title	character	Queen's Shadow	女王の影の存在	女王的阴影	타락한 여왕	여왕의 그림자	여왕의 그림자	approved-context	WG2 영어 문맥과 NSW 번역이 WG1의 설명/칭호를 갱신
character_daycare_name	character	Karen	カレン	凯伦		카렌	카렌	draft	NSW WG2 번역을 Windows WG2 초안으로 사용
character_death_gauntlet_name	character	Prince Sordino	ソルディーノ王子	索迪诺王子		소르디노 왕자	소르디노 왕자	draft	NSW WG2 번역을 Windows WG2 초안으로 사용
character_death_gauntlet_title	character	of Silmor	シルモア	属于息默国		실모어의	실모어의	draft	NSW WG2 번역을 Windows WG2 초안으로 사용
character_deserter_name	character	Tarik	タリク	塔里克		타리크	타리크	draft	NSW WG2 번역을 Windows WG2 초안으로 사용
character_dev_name	character	Wargroove Dev	Wargroove 開発者	战律开发		워그루브 개발자	워그루브 개발자	draft	NSW WG2 번역을 Windows WG2 초안으로 사용
character_disciple_name	character	Disciple	弟子	门徒		제자	제자	draft	NSW WG2 번역을 Windows WG2 초안으로 사용
character_donut_name	character	Donut	ドーナツ	多多		도넛	도넛	draft	NSW WG2 번역을 Windows WG2 초안으로 사용
character_donut_title	character							untranslated	
character_dot_name	character	Dot	ドット			닷	닷	draft	NSW WG2 번역을 Windows WG2 초안으로 사용
character_doug_name	character	Doug	ダグ	道格		더그	더그	draft	NSW WG2 번역을 Windows WG2 초안으로 사용
character_elder_name	character	Village Elder	村の長老	村庄长老		마을 원로	마을 원로	draft	NSW WG2 번역을 Windows WG2 초안으로 사용
character_elodie_age	character							untranslated	
character_elodie_birthday	character							untranslated	
character_elodie_birthplace	character							untranslated	
character_elodie_height	character	198 cm	身長198cm	198 cm		198 cm	198 cm	draft	NSW WG2 번역을 Windows WG2 초안으로 사용
character_elodie_name	character	Elodie	メロディ	厄洛蒂	엘로디	엘로디	엘로디	draft	Wargroove 1 공식 한국어 우선
character_elodie_title	character	Guardian of Requiem	レクイエムの守護者	安魂曲的守护者	레퀴엠의 수호자	레퀴엠의 수호자	레퀴엠의 수호자	draft	Wargroove 1 공식 한국어 우선
character_emeric_age	character	60	60歳	60				untranslated	
character_emeric_height	character	186 cm	身長186cm	186 cm		186 cm	186 cm	draft	NSW WG2 번역을 Windows WG2 초안으로 사용
character_emeric_name	character	Emeric	エメリック	艾米力	에머릭	에머릭	에머릭	draft	Wargroove 1 공식 한국어 우선
character_emeric_title	character	Archmage - Royal Advisor	大魔術師 - 王家の相談役	大法师 - 忠诚的谋臣	신뢰받는 조언자	대마법사 - 왕실 고문	대마법사 - 왕실 고문	approved-context	WG2 영어 문맥과 NSW 번역이 WG1의 설명/칭호를 갱신
character_errol_name	character	Errol	エロール	艾鲁	에롤	에롤	에롤	draft	Wargroove 1 공식 한국어 우선
character_expression_extra	character	Extra	特別	特别	특별	특별	특별	draft	Wargroove 1 공식 한국어 우선
character_expression_extra2	character	Extra 2	特別２	额外2		기타 2	기타 2	draft	NSW WG2 번역을 Windows WG2 초안으로 사용
character_expression_extra3	character	Extra 3	特別３	额外3		기타 3	기타 3	draft	NSW WG2 번역을 Windows WG2 초안으로 사용
character_expression_happy	character	Happy	嬉しい	开心	행복	행복	행복	draft	Wargroove 1 공식 한국어 우선
character_expression_neutral	character	Neutral	中立	平常	보통	보통	보통	draft	Wargroove 1 공식 한국어 우선
character_expression_sad	character	Sad	悲しむ	伤心	슬픔	슬픔	슬픔	draft	Wargroove 1 공식 한국어 우선
character_felheim_villager1_name	character	Felheim Villager 1	フェルハイムの村人１	费尔海姆村民甲		펠하임 마을 주민 1	펠하임 마을 주민 1	draft	NSW WG2 번역을 Windows WG2 초안으로 사용
character_felheim_villager2_name	character	Felheim Villager 2	フェルハイムの村人２	费尔海姆村民乙		펠하임 마을 주민 2	펠하임 마을 주민 2	draft	NSW WG2 번역을 Windows WG2 초안으로 사용
character_felheim_villager3_name	character	Felheim Villager 3	フェルハイムの村人３	费尔海姆村民丙		펠하임 마을 주민 3	펠하임 마을 주민 3	draft	NSW WG2 번역을 Windows WG2 초안으로 사용
character_felheim_villager4_name	character	Felheim Villager 4	フェルハイムの村人４	费尔海姆村民丁		펠하임 마을 주민 4	펠하임 마을 주민 4	draft	NSW WG2 번역을 Windows WG2 초안으로 사용
character_fenris_name	character	Fenris	フェンリス	芬芬		펜리스	펜리스	draft	NSW WG2 번역을 Windows WG2 초안으로 사용
character_fenris_title	character							untranslated	
character_final_boss_name	character	Maestra	マエストラ	梅斯特拉		마에스트라	마에스트라	draft	NSW WG2 번역을 Windows WG2 초안으로 사용
character_final_boss_tile	character	Last Queen of Cacophony	ソウオン最後の女王	最后一任纷音女王		캐코포니 제국의 마지막 여왕	캐코포니 제국의 마지막 여왕	draft	NSW WG2 번역을 Windows WG2 초안으로 사용
character_firebird_name	character	Firebird	ファイアバード	火鸟		파이어버드	파이어버드	draft	NSW WG2 번역을 Windows WG2 초안으로 사용
character_floran_captain_name	character	Bulrush	ブルラッシュ	布拉什		불러시	불러시	draft	NSW WG2 번역을 Windows WG2 초안으로 사용
character_floran_captain_title	character							untranslated	
character_floran_name	character	Floran	フローラ族	花蕾灵		플로란	플로란	draft	NSW WG2 번역을 Windows WG2 초안으로 사용
character_frog_pirate_name	character	Kzrqk the Indescribable	比類なきクズルク	难以言喻的卡兹卡克		형언할 수 없는 자 크즈르크	형언할 수 없는 자 크즈르크	draft	NSW WG2 번역을 Windows WG2 초안으로 사용
character_gallus_name	character	Gallus	ガルス	加勒斯		갈루스	갈루스	draft	NSW WG2 번역을 Windows WG2 초안으로 사용
character_generic_cherrystone_name	character	Cherrystone	チェリーストーン	车厘石	체리스톤	체리스톤	체리스톤	draft	Wargroove 1 공식 한국어 우선
character_generic_felheim_name	character	Felheim	フェルハイム	费尔海姆	펠하임	펠하임	펠하임	draft	Wargroove 1 공식 한국어 우선
character_generic_floran_name	character	Floran	フローラ族	花蕾灵	플로란	플로란	플로란	draft	Wargroove 1 공식 한국어 우선
character_generic_frog_name	character	Frog	カエル	青蛙		개구리	개구리	draft	NSW WG2 번역을 Windows WG2 초안으로 사용
character_generic_heavensong_name	character	Heavensong	ヘヴンソング	纶音	헤븐송	헤븐송	헤븐송	draft	Wargroove 1 공식 한국어 우선
character_generic_kraken_name	character	Kraken	クラーケン	海怪		크라켄	크라켄	draft	NSW WG2 번역을 Windows WG2 초안으로 사용
character_generic_outlaw_name	character	Outlaws	アウトロー	绿林好汉	무법자	무법자	무법자	draft	Wargroove 1 공식 한국어 우선
character_generic_soldier2_name	character	Soldiers 2	剣士２	士兵2	병사 2	병사 2	병사 2	draft	Wargroove 1 공식 한국어 우선
character_generic_soldier3_name	character	Bandits	盗賊	强盗	도둑	산적	산적	approved-context	WG2 영어 문맥과 NSW 번역이 WG1의 설명/칭호를 갱신
character_generic_soldier_name	character	Soldiers	剣士	士兵	병사	병사	병사	draft	Wargroove 1 공식 한국어 우선
character_ghost_mercival_name	character	Mercival's Ghost	マーシヴァルの亡霊	玛斯福的幽灵	머시벌의 유령	머시벌의 유령	머시벌의 유령	draft	Wargroove 1 공식 한국어 우선
character_gilden_name	character	Gilden	ギルデン	吉尔登		길든	길든	draft	NSW WG2 번역을 Windows WG2 초안으로 사용
character_governor_name	character	Governor	知事	总督		총독	총독	draft	NSW WG2 번역을 Windows WG2 초안으로 사용
character_greenfinger_age	character	121	121歳	121				untranslated	
character_greenfinger_height	character	173 cm	身長173cm	173 cm		173 cm	173 cm	draft	NSW WG2 번역을 Windows WG2 초안으로 사용
character_greenfinger_name	character	Zawan	ザワン	扎皖	그린핑거	자완	자완	approved-context	WG2 영어 문맥과 NSW 번역이 WG1의 설명/칭호를 갱신
character_greenfinger_title	character	Greenfinger of the Floran Tribes	フローラ族の緑師	花蕾灵族的绿花匠	플로란 부족장	플로란 부족의 그린핑거	플로란 부족의 그린핑거	approved-context	WG2 영어 문맥과 NSW 번역이 WG1의 설명/칭호를 갱신
character_guard_name	character	Guard	衛兵	警卫		경비병	경비병	draft	NSW WG2 번역을 Windows WG2 초안으로 사용
character_gus_name	character	Gus	ガス	古斯		거스	거스	draft	NSW WG2 번역을 Windows WG2 초안으로 사용
character_guy_name	character	Guy	ガイ	盖伊		가이	가이	draft	NSW WG2 번역을 Windows WG2 초안으로 사용
character_hans_name	character	Hans	ハンス	汉斯		한스	한스	draft	NSW WG2 번역을 Windows WG2 초안으로 사용
character_hans_title	character	Peter	ピーター	彼得		피터	피터	draft	NSW WG2 번역을 Windows WG2 초안으로 사용
character_healer1_name	character	Ejiro	エイジロウ	艾吉洛		에지로	에지로	draft	NSW WG2 번역을 Windows WG2 초안으로 사용
character_healer2_name	character	Farah	ファラ	法拉		파라	파라	draft	NSW WG2 번역을 Windows WG2 초안으로 사용
character_heracles_name	character	Heracles	ヘラクレス	赫拉克勒斯		헤라클레스	헤라클레스	draft	NSW WG2 번역을 Windows WG2 초안으로 사용
character_horatio_name	character	Horatio	ホラティオ	霍雷肖		호레이쇼	호레이쇼	draft	NSW WG2 번역을 Windows WG2 초안으로 사용
character_hunter_name	character	Old Hunter	年老いた狩人	老猎人		늙은 사냥꾼	늙은 사냥꾼	draft	NSW WG2 번역을 Windows WG2 초안으로 사용
character_ife_name	character	Ife	イーフェ	艾菲		이페	이페	draft	NSW WG2 번역을 Windows WG2 초안으로 사용
character_introduction	character	Introducing: {0}	{0}登場	隆重介绍：{0}		등장: {0}	등장: {0}	draft	NSW WG2 번역을 Windows WG2 초안으로 사용
character_itemgiver_name	character	Tired Villager	疲れた村人	疲惫的村民		지친 마을 사람	지친 마을 사람	draft	NSW WG2 번역을 Windows WG2 초안으로 사용
character_izumi_name	character	Izumi	イズミ	和泉		이즈미	이즈미	draft	NSW WG2 번역을 Windows WG2 초안으로 사용
character_jabari_name	character	Jabari	ジャバリ	贾巴里		자바리	자바리	draft	NSW WG2 번역을 Windows WG2 초안으로 사용
character_janjak_name	character	Janjak	ジャンジャック	詹雅克		잔자크	잔자크	draft	NSW WG2 번역을 Windows WG2 초안으로 사용
character_janjak_pirate_name	character	Janjak the Ripper	切り裂きジャンジャック	开膛手詹雅克		난도질꾼 잔자크	난도질꾼 잔자크	draft	NSW WG2 번역을 Windows WG2 초안으로 사용
character_kanemura_name	character	Kanemura	カネムラ	金村		카네무라	카네무라	draft	NSW WG2 번역을 Windows WG2 초안으로 사용
character_kaspar_name	character	King Kaspar	カスパー王	卡斯帕国王		카스파르 왕	카스파르 왕	draft	NSW WG2 번역을 Windows WG2 초안으로 사용
character_katja_name	character	Katja	カティア	卡佳		카티야	카티야	draft	NSW WG2 번역을 Windows WG2 초안으로 사용
character_katsu_name	character	Lt. Katsuragi	カツラギ大尉	葛城中尉		카츠라기 중위	카츠라기 중위	draft	NSW WG2 번역을 Windows WG2 초안으로 사용
character_kdiver_name	character	Kappa Diver	カッパ族の潜水士	卡帕潜水员		갓파 잠수부	갓파 잠수부	draft	NSW WG2 번역을 Windows WG2 초안으로 사용
character_koji_age	character	13	13歳	<parse error>				untranslated	
character_koji_name	character	Koji	コージ	光治	코지	코지	코지	draft	Wargroove 1 공식 한국어 우선
character_koji_title	character	Prince of Heavensong	ヘヴンソングの皇子	纶音王子	기계천재 왕자	헤븐송의 왕자	헤븐송의 왕자	approved-context	WG2 영어 문맥과 NSW 번역이 WG1의 설명/칭호를 갱신
character_kwame_name	character	Janjak's Bro	ジャンジャックの兄	詹雅克的哥哥		잔자크의 형제	잔자크의 형제	draft	NSW WG2 번역을 Windows WG2 초안으로 사용
character_lemmingsley_name	character	Lt. Lemmingsley	レミングスレイ大尉	莱明斯利中尉		레밍슬리 중위	레밍슬리 중위	draft	NSW WG2 번역을 Windows WG2 초안으로 사용
character_logger_name	character	Lumber Jacqueline	木こりのジャクリーン	木伯·杰奎琳		벌목왕 재클린	벌목왕 재클린	draft	NSW WG2 번역을 Windows WG2 초안으로 사용
character_lonnyck_name	character	Lonnyck the Head Dog	ヘッドドッグのロニック	头犬朗尼克		우두머리 개 로닉	우두머리 개 로닉	draft	NSW WG2 번역을 Windows WG2 초안으로 사용
character_lytra_flying_name	character	Lytra Flying	飛行するリトラ	飞翔的莉特拉		리트라	리트라	draft	NSW WG2 번역을 Windows WG2 초안으로 사용
character_lytra_flying_title	character							untranslated	
character_lytra_name	character	Lytra	リトラ	莉特拉		리트라	리트라	draft	NSW WG2 번역을 Windows WG2 초안으로 사용
character_lytra_no_harp_name	character	Lytra with no weapon	武器を持っていないリトラ	没有兵器的莉特拉		리트라	리트라	draft	NSW WG2 번역을 Windows WG2 초안으로 사용
character_lytra_no_harp_title	character							untranslated	
character_lytra_title	character	Fresh Recruit	新兵	新兵		신병	신병	draft	NSW WG2 번역을 Windows WG2 초안으로 사용
character_maestra_name	character	Maestra	マエストラ	梅斯特拉		마에스트라	마에스트라	draft	NSW WG2 번역을 Windows WG2 초안으로 사용
character_maestra_title	character	Last Queen of Cacophony	ソウオン最後の女王	纷音国最后一任女王		캐코포니의 마지막 여왕	캐코포니의 마지막 여왕	draft	NSW WG2 번역을 Windows WG2 초안으로 사용
character_mechanic_name	character	Cruise Shipwright	クルーズ船の船大工	游轮船工		유람선 조선공	유람선 조선공	draft	NSW WG2 번역을 Windows WG2 초안으로 사용
character_merchant_name	character	Merchant	「商人」	商人		상인	상인	draft	NSW WG2 번역을 Windows WG2 초안으로 사용
character_merchantlord_name	character	Merchant Lord	「商人の元締め」	贸易大王		상인 두목	상인 두목	draft	NSW WG2 번역을 Windows WG2 초안으로 사용
character_mercia_age	character	24	24歳	24				untranslated	
character_mercia_name	character	Mercia	マーシア	玛丝雅	머시아	머시아	머시아	draft	Wargroove 1 공식 한국어 우선
character_mercia_title	character	Queen of Cherrystone	チェリーストーンの女王	车厘石女王	체리스톤의 여왕	체리스톤의 여왕	체리스톤의 여왕	draft	Wargroove 1 공식 한국어 우선
character_mercival_age	character	59 (deceased)	59歳（故人）	59（已故）		59세 (사망)	59세 (사망)	draft	NSW WG2 번역을 Windows WG2 초안으로 사용
character_mercival_height	character	185 cm	身長185cm	185 cm		185 cm	185 cm	draft	NSW WG2 번역을 Windows WG2 초안으로 사용
character_mercival_name	character	Mercival II	マーシヴァル二世	玛斯福	머시벌	머시벌 2세	머시벌 2세	approved-context	WG2 영어 문맥과 NSW 번역이 WG1의 설명/칭호를 갱신
character_mercival_title	character	Late King of Cherrystone	チェリーストーンの前王	车厘石先王	부황	체리스톤의 선왕	체리스톤의 선왕	approved-context	WG2 영어 문맥과 NSW 번역이 WG1의 설명/칭호를 갱신
character_monk_name	character	Monk	修道士	僧侣		수도승	수도승	draft	NSW WG2 번역을 Windows WG2 초안으로 사용
character_mystery_name	character	???	？？？	？？？		???	???	draft	NSW WG2 번역을 Windows WG2 초안으로 사용
character_mystery_portrait_name	character	Mysterious Person	謎の人物	神秘人		수수께끼의 인물	수수께끼의 인물	draft	NSW WG2 번역을 Windows WG2 초안으로 사용
character_nadia_name	character	Nadia	ナディア	纳蒂亚		나디아	나디아	draft	NSW WG2 번역을 Windows WG2 초안으로 사용
character_nadia_title	character	Scourge of Saffron	火の鳥	番红花之灾		사프란의 재앙	사프란의 재앙	draft	NSW WG2 번역을 Windows WG2 초안으로 사용
character_nadiaspa_name	character	Pa	ナディアの父	纳蒂亚的爸爸		아빠	아빠	draft	NSW WG2 번역을 Windows WG2 초안으로 사용
character_navyman_name	character	Navyman	海軍兵士	海军水手		해군 병사	해군 병사	draft	NSW WG2 번역을 Windows WG2 초안으로 사용
character_nufnuf_name	character	Nufnuf	ヌフヌフ	哼哼		너프너프	너프너프	draft	NSW WG2 번역을 Windows WG2 초안으로 사용
character_nuru_age	character	20...?	20歳…？	20……？		20세...?	20세...?	draft	NSW WG2 번역을 Windows WG2 초안으로 사용
character_nuru_height	character	152 cm	身長152cm	152 cm		152 cm	152 cm	draft	NSW WG2 번역을 Windows WG2 초안으로 사용
character_nuru_name	character	Nuru	ヌル	努鲁	누루	누루	누루	draft	Wargroove 1 공식 한국어 우선
character_nuru_title	character	Extraterrestrial Visitor	異星からの来訪者	地外访客	용감한 헌터	외계에서 온 방문자	외계에서 온 방문자	approved-context	WG2 영어 문맥과 NSW 번역이 WG1의 설명/칭호를 갱신
character_oaracle_name	character	The Oaracle	オラクル	奥拉克		오아라클	오아라클	draft	NSW WG2 번역을 Windows WG2 초안으로 사용
character_oaracle_title	character	Captain of the Muse	ミューズの船長	缪斯号的船长		뮤즈호의 선장	뮤즈호의 선장	draft	NSW WG2 번역을 Windows WG2 초안으로 사용
character_octagon_name	character	Octagon	オクタゴン	奥克塔贡		옥타곤	옥타곤	draft	NSW WG2 번역을 Windows WG2 초안으로 사용
character_oddvar_name	character	Oddvar	オドヴァル	奥德瓦		오드바르	오드바르	draft	NSW WG2 번역을 Windows WG2 초안으로 사용
character_oddvar_title	character	the Necromancer	死霊術師	死灵法师		강령술사	강령술사	draft	NSW WG2 번역을 Windows WG2 초안으로 사용
character_oddvar_undead_name	character	Oddvar Undead	アンデッド	不死之人奥德瓦		오드바르	오드바르	draft	NSW WG2 번역을 Windows WG2 초안으로 사용
character_oddvar_undead_title	character	the Undead	オドヴァル	不死之人		언데드	언데드	draft	NSW WG2 번역을 Windows WG2 초안으로 사용
character_officer_name	character	Naval Officer	海軍将校	海军军官		해군 장교	해군 장교	draft	NSW WG2 번역을 Windows WG2 초안으로 사용
character_orla_name	character	Orla	オーラ	奥拉	올라	올라	올라	draft	Wargroove 1 공식 한국어 우선
character_palacegate_name	character	Palace Gate	宮廷の門	皇宫大门		궁전 문	궁전 문	draft	NSW WG2 번역을 Windows WG2 초안으로 사용
character_palaceguard_name	character	Palace Guard	近衛兵	皇宫卫兵		궁전 경비병	궁전 경비병	draft	NSW WG2 번역을 Windows WG2 초안으로 사용
character_pete_name	character	Pete	ピート	皮特		피트	피트	draft	NSW WG2 번역을 Windows WG2 초안으로 사용
character_phil_name	character	Phil	フィル	菲尔		필	필	draft	NSW WG2 번역을 Windows WG2 초안으로 사용
character_philtrum_name	character	Philtrum	フィルトゥラム	菲尔特姆		필트럼	필트럼	draft	NSW WG2 번역을 Windows WG2 초안으로 사용
character_pirate_name	character	Pirate	海賊	海盗		해적	해적	draft	NSW WG2 번역을 Windows WG2 초안으로 사용
character_pistil_name	character	Pistil	ピスティル	蕊蕊		피스틸	피스틸	draft	NSW WG2 번역을 Windows WG2 초안으로 사용
character_pistil_title	character	Crystal Inquisitor	クリスタル調査官	水晶达人		크리스탈 심문관	크리스탈 심문관	draft	NSW WG2 번역을 Windows WG2 초안으로 사용
character_prisoner1_name	character	Prisoner #1	囚人＃１	囚犯一号		죄수 #1	죄수 #1	draft	NSW WG2 번역을 Windows WG2 초안으로 사용
character_prisoner2_name	character	Prisoner #2	囚人＃２	囚犯二号		죄수 #2	죄수 #2	draft	NSW WG2 번역을 Windows WG2 초안으로 사용
character_prisoner_name	character	Prisoner	囚人	囚犯		죄수	죄수	draft	NSW WG2 번역을 Windows WG2 초안으로 사용
character_prisonguard_name	character	Prison Guard	看守	监狱警卫		간수	간수	draft	NSW WG2 번역을 Windows WG2 초안으로 사용
character_private_name	character	Private	二等兵	列兵		이등병	이등병	draft	NSW WG2 번역을 Windows WG2 초안으로 사용
character_ragna_age	character	8, sort of	約８歳	应该算……8岁		뭐 대충 8세	뭐 대충 8세	draft	NSW WG2 번역을 Windows WG2 초안으로 사용
character_ragna_boss_name	character	Prince Harmon	ハーモン王子	哈蒙王子		하몬 왕자	하몬 왕자	draft	NSW WG2 번역을 Windows WG2 초안으로 사용
character_ragna_boss_title	character	Ancient Royal	古代の王族	古代皇室		고대의 왕족	고대의 왕족	draft	NSW WG2 번역을 Windows WG2 초안으로 사용
character_ragna_height	character	183 cm	身長183cm	183 cm		183 cm	183 cm	draft	NSW WG2 번역을 Windows WG2 초안으로 사용
character_ragna_name	character	Ragna	ラグナ	拉古拿	라그나	라그나	라그나	draft	Wargroove 1 공식 한국어 우선
character_ragna_title	character	Felheim's Top Commander	フェルハイムの最高司令官	费尔海姆最高指挥官	패치워크 여전사	펠하임 최고의 사령관	펠하임 최고의 사령관	approved-context	WG2 영어 문맥과 NSW 번역이 WG1의 설명/칭호를 갱신
character_ray_name	character	Ray	レイ			레이	레이	draft	NSW WG2 번역을 Windows WG2 초안으로 사용
character_rearadmiral_name	character	Rear Admiral	少将	海军上将		해군 소장	해군 소장	draft	NSW WG2 번역을 Windows WG2 초안으로 사용
character_rescued_name	character	Rescued Soldier	救助された兵士	获救士兵		구조된 병사	구조된 병사	draft	NSW WG2 번역을 Windows WG2 초안으로 사용
character_rhomb_angry_name	character	Rhomb Beast	ランバ（クリスタル形態）	野兽菱布		야수 롬	야수 롬	draft	NSW WG2 번역을 Windows WG2 초안으로 사용
character_rhomb_angry_title	character							untranslated	
character_rhomb_name	character	Rhomb	ランバ	菱布		롬	롬	draft	NSW WG2 번역을 Windows WG2 초안으로 사용
character_rhomb_title	character	Gentle General	心優しい将軍	温和的将军		온화한 장군	온화한 장군	draft	NSW WG2 번역을 Windows WG2 초안으로 사용
character_rosen_name	character	Rosen	ローゼン	罗森		로젠	로젠	draft	NSW WG2 번역을 Windows WG2 초안으로 사용
character_ryota_age	character	30	30歳	30				untranslated	
character_ryota_height	character	183 cm	身長183cm	183 cm		183 cm	183 cm	draft	NSW WG2 번역을 Windows WG2 초안으로 사용
character_ryota_name	character	Ryota	リョウタ	龙泰	료타	료타	료타	draft	Wargroove 1 공식 한국어 우선
character_ryota_title	character	Dashing Admiral	剛勇の提督	勇往直前的司令官	용맹한 장군	늠름한 제독	늠름한 제독	approved-context	WG2 영어 문맥과 NSW 번역이 WG1의 설명/칭호를 갱신
character_sedge_age	character	Unknown (deceased)	年齢不明	未知（已死亡）		불명 (사망)	불명 (사망)	draft	NSW WG2 번역을 Windows WG2 초안으로 사용
character_sedge_height	character	168 cm	身長168cm	168 cm		168 cm	168 cm	draft	NSW WG2 번역을 Windows WG2 초안으로 사용
character_sedge_name	character	Sedge	セッジ	薛兹	세지	세지	세지	draft	Wargroove 1 공식 한국어 우선
character_sedge_title	character	Sadistic Hunter	残忍なハンター（故人）	嗜血猎人	잔인한 암살자	가학적인 사냥꾼	가학적인 사냥꾼	approved-context	WG2 영어 문맥과 NSW 번역이 WG1의 설명/칭호를 갱신
character_shopkeep_name	character	Shopkeeper	「店主」	店主		가게 주인	가게 주인	draft	NSW WG2 번역을 Windows WG2 초안으로 사용
character_shosa_name	character	Major Shōsa	ショウサ	所佐少校		쇼사 소령	쇼사 소령	draft	NSW WG2 번역을 Windows WG2 초안으로 사용
character_sign_name	character	Signpost	標識	路牌		이정표	이정표	draft	NSW WG2 번역을 Windows WG2 초안으로 사용
character_sigrid_age	character	987 (deceased)	987歳	987（已死亡）		987세 (사망)	987세 (사망)	draft	NSW WG2 번역을 Windows WG2 초안으로 사용
character_sigrid_height	character	167 cm	身長167cm	167 cm		167 cm	167 cm	draft	NSW WG2 번역을 Windows WG2 초안으로 사용
character_sigrid_name	character	Sigrid	シグリッド	斯格莉特	시그리드	시그리드	시그리드	draft	Wargroove 1 공식 한국어 우선
character_sigrid_title	character	High Vampire of the West	西方から訪れた高等ヴァンパイア	西方上位吸血鬼	고대의 뱀파이어	서부의 하이 뱀파이어	서부의 하이 뱀파이어	approved-context	WG2 영어 문맥과 NSW 번역이 WG1의 설명/칭호를 갱신
character_soldier_name	character	Soldier	兵士	士兵		병사	병사	draft	NSW WG2 번역을 Windows WG2 초안으로 사용
character_sourcheeks_name	character	Captain Sourcheeks	サワーチークス	索契克船长		사워칙스 선장	사워칙스 선장	draft	NSW WG2 번역을 Windows WG2 초안으로 사용
character_sourcheeks_title	character	Captain of the Wettbotham	ウェットボサムの船長	歪波桑号船长		웨트보텀호의 선장	웨트보텀호의 선장	draft	NSW WG2 번역을 Windows WG2 초안으로 사용
character_statue_name	character	Ancient Statue	「古代の像」	古代雕像		고대 석상	고대 석상	draft	NSW WG2 번역을 Windows WG2 초안으로 사용
character_stylist_name	character	Personal Stylist	パーソナルスタイリスト	私人造型师		전속 스타일리스트	전속 스타일리스트	draft	NSW WG2 번역을 Windows WG2 초안으로 사용
character_summer_villager1_name	character	Summer Villager 1	島民１	夏日村民甲		여름 마을 주민 1	여름 마을 주민 1	draft	NSW WG2 번역을 Windows WG2 초안으로 사용
character_summer_villager2_name	character	Summer Villager 2	島民２	夏日村民乙		여름 마을 주민 2	여름 마을 주민 2	draft	NSW WG2 번역을 Windows WG2 초안으로 사용
character_summer_villager3_name	character	Summer Villager 3	島民３	夏日村民丙		여름 마을 주민 3	여름 마을 주민 3	draft	NSW WG2 번역을 Windows WG2 초안으로 사용
character_summer_villager4_name	character	Summer Villager 4	島民４	夏日村民丁		여름 마을 주민 4	여름 마을 주민 4	draft	NSW WG2 번역을 Windows WG2 초안으로 사용
character_sweetcheeks_name	character	Lt. Umibozu	ウミボウズ大尉	海坊主中尉		우미보즈 중위	우미보즈 중위	draft	NSW WG2 번역을 Windows WG2 초안으로 사용
character_swordsman_name	character	Swordsman	剣士	剑士		소드맨	소드맨	draft	NSW WG2 번역을 Windows WG2 초안으로 사용
character_sylvester_name	character	Sylvester	シルベスター	西尔维斯特		실베스터	실베스터	draft	NSW WG2 번역을 Windows WG2 초안으로 사용
character_tago_name	character	Tago	タゴ	塔戈		타고	타고	draft	NSW WG2 번역을 Windows WG2 초안으로 사용
character_tarsus_name	character	Tarsus	ターサス	塔苏斯		타르수스	타르수스	draft	NSW WG2 번역을 Windows WG2 초안으로 사용
character_tenri_age	character	49	49歳	49				untranslated	
character_tenri_height	character	117 cm	身長177cm	117 cm		117 cm	117 cm	draft	NSW WG2 번역을 Windows WG2 초안으로 사용
character_tenri_name	character	Tenri	テンリ	天籁	텐리	텐리	텐리	draft	Wargroove 1 공식 한국어 우선
character_tenri_title	character	Empress of Heavensong	ヘヴンソング女帝	纶音女皇	헤븐송의 여제	헤븐송의 여제	헤븐송의 여제	draft	Wargroove 1 공식 한국어 우선
character_theWarship_name	character	The Heavensong Warship	ヘヴンソングの軍艦	纶音战船		헤븐송 군함	헤븐송 군함	draft	NSW WG2 번역을 Windows WG2 초안으로 사용
character_theWarship_title	character							untranslated	
character_tiffany_name	character	Tiffany	ティファニー	蒂芙尼		티파니	티파니	draft	NSW WG2 번역을 Windows WG2 초안으로 사용
character_tourguide_name	character	Tour Guide	ツアーガイド			관광 안내인	관광 안내인	draft	NSW WG2 번역을 Windows WG2 초안으로 사용
character_tourist1_name	character	Unimpressed Tourist	気乗りしない観光客	神情冷漠的游客		심드렁한 관광객	심드렁한 관광객	draft	NSW WG2 번역을 Windows WG2 초안으로 사용
character_tourist2_name	character	Excited Tourist	興奮した観光客	兴奋不已的游客		신난 관광객	신난 관광객	draft	NSW WG2 번역을 Windows WG2 초안으로 사용
character_tourist3_name	character	Impressed Tourist	感動した観光客	兴致盎然的游客		감탄한 관광객	감탄한 관광객	draft	NSW WG2 번역을 Windows WG2 초안으로 사용
character_tourist4_name	character	Screaming Tourist	叫ぶ観光客	惊声尖叫的游客		비명 지르는 관광객	비명 지르는 관광객	draft	NSW WG2 번역을 Windows WG2 초안으로 사용
character_tris_name	character	Tris	トリス			트리스	트리스	draft	NSW WG2 번역을 Windows WG2 초안으로 사용
character_twins_age	character	13	13歳	<parse error>				untranslated	
character_twins_name	character	Errol & Orla	エロール＆オーラ	艾鲁和奥拉	에롤 & 올라	에롤 & 올라	에롤 & 올라	draft	Wargroove 1 공식 한국어 우선
character_twins_title	character	Rogues in Training	見習いのアウトロー	少年侠盗	훈련 중인 빠른손	훈련 중인 빠른손	훈련 중인 빠른손	draft	Wargroove 1 공식 한국어 우선
character_ulna_name	character	Ulna	アルナ	乌尔纳		울나	울나	draft	NSW WG2 번역을 Windows WG2 초안으로 사용
character_valder_age	character	37	37歳	37				untranslated	
character_valder_name	character	Valder	ヴァルダー	华露达	발더	발더	발더	draft	Wargroove 1 공식 한국어 우선
character_valder_no_glove_name	character	Valder without glove	ガントレットなしのヴァルダー	没戴护手的华露达		발더	발더	draft	NSW WG2 번역을 Windows WG2 초안으로 사용
character_valder_no_glove_title	character	No Glove	ガントレットなし	没戴护手		장갑 없음	장갑 없음	draft	NSW WG2 번역을 Windows WG2 초안으로 사용
character_valder_title	character	Grand Necromancer - Lord of Felheim	偉大なる死霊術師 - フェルハイム君主	大死灵法师 - 费尔海姆之主	펠하임 군단의 지배자	대강령술사 - 펠하임의 군주	대강령술사 - 펠하임의 군주	approved-context	WG2 영어 문맥과 NSW 번역이 WG1의 설명/칭호를 갱신
character_vesper_age	character	39	39歳	39				untranslated	
character_vesper_birthday	character							untranslated	
character_vesper_boss_name	character	Vesper (Boss)	ヴェスパー（ボス）			베스퍼	베스퍼	draft	NSW WG2 번역을 Windows WG2 초안으로 사용
character_vesper_height	character	165 cm	身長165cm	165 cm		165 cm	165 cm	draft	NSW WG2 번역을 Windows WG2 초안으로 사용
character_vesper_name	character	Vesper	ヴェスパー	薇丝珀	베스퍼	베스퍼	베스퍼	draft	Wargroove 1 공식 한국어 우선
character_vesper_title	character	Convicted Pet-napper	有罪となったペット泥棒	被定罪的宠物盗贼	악명 높은 악당	반려동물 납치 전과자	반려동물 납치 전과자	approved-context	WG2 영어 문맥과 NSW 번역이 WG1의 설명/칭호를 갱신
character_warden_name	character	Prison Warden	看守長	典狱长		교도소장	교도소장	draft	NSW WG2 번역을 Windows WG2 초안으로 사용
character_wearymerchant_name	character	Weary Merchant	「疲れた顔の商人」	疲惫的商人		지친 상인	지친 상인	draft	NSW WG2 번역을 Windows WG2 초안으로 사용
character_wulfar_age	character	39	39歳	39				untranslated	
character_wulfar_height	character	220 cm	身長220cm	220 cm		220 cm	220 cm	draft	NSW WG2 번역을 Windows WG2 초안으로 사용
character_wulfar_name	character	Wulfar	ウルファー	邬尔珐	울파	울파	울파	draft	Wargroove 1 공식 한국어 우선
character_wulfar_pirate_name	character	Cap'n Moneybags	キャプテン・マニーバッグス	钱袋船长		머니백스 선장	머니백스 선장	draft	NSW WG2 번역을 Windows WG2 초안으로 사용
character_wulfar_pirate_title	character							untranslated	
character_wulfar_title	character	Chief of the Outlaws	アウトローの首領	绿林好汉的首领	무법자 대장	무법자 대장	무법자 대장	draft	Wargroove 1 공식 한국어 우선
character_zola_name	character	Zola	ゾーラ	佐拉		조라	조라	draft	NSW WG2 번역을 Windows WG2 초안으로 사용
faction_name_cherrystone	faction	Cherrystone Kingdom	チェリーストーン王国	车厘石王国	체리스톤 왕국	체리스톤 왕국	체리스톤 왕국	draft	Wargroove 1 공식 한국어 우선
faction_name_faahri	faction	Faahri	ファアリ	法赫利		파흐리	파흐리	draft	NSW WG2 번역을 Windows WG2 초안으로 사용
faction_name_felheim	faction	Felheim Legion	フェルハイム軍	费尔海姆军	펠하임 군단	펠하임 군단	펠하임 군단	draft	Wargroove 1 공식 한국어 우선
faction_name_floran	faction	Floran Tribes	フローラ族	花蕾灵族	플로란 부족	플로란 부족	플로란 부족	draft	Wargroove 1 공식 한국어 우선
faction_name_guardian	faction	Guardian	ガーディアン	守护者	수호자	수호자	수호자	draft	Wargroove 1 공식 한국어 우선
faction_name_heavensong	faction	Heavensong Empire	ヘヴンソング帝国	纶音帝国	헤븐송 제국	헤븐송 제국	헤븐송 제국	draft	Wargroove 1 공식 한국어 우선
faction_name_neutral	faction	Neutral	中立	中立	중립	중립	중립	draft	Wargroove 1 공식 한국어 우선
faction_name_outlaw	faction	Outlaw	アウトロー	绿林好汉	무법자	무법자	무법자	draft	Wargroove 1 공식 한국어 우선
faction_name_pirates	faction	Pirates	海賊	海盗		해적단	해적단	draft	NSW WG2 번역을 Windows WG2 초안으로 사용
groove_name_all_caps_area_combined	groove	COOLING FLAME	クーリング フレイム	清流烽火		쿨링 플레임	쿨링 플레임	draft	NSW WG2 번역을 Windows WG2 초안으로 사용
groove_name_all_caps_area_damage	groove	SCORCHING FIRE	バーニングファイア	烽火连天	스코칭 파이어	스코칭 파이어	스코칭 파이어	draft	Wargroove 1 공식 한국어 우선
groove_name_all_caps_area_heal	groove	COOLING WATER	クーリングウォーター	清流灌地	쿨링 워터	쿨링 워터	쿨링 워터	draft	Wargroove 1 공식 한국어 우선
groove_name_all_caps_bird_watching	groove	BIRD WATCHING	野鳥観察	空山观鸟		탐조 타임	탐조 타임	draft	NSW WG2 번역을 Windows WG2 초안으로 사용
groove_name_all_caps_chain_reaction	groove	CHAIN REACTION	チェーン リアクション	连锁反应		체인 리액션	체인 리액션	draft	NSW WG2 번역을 Windows WG2 초안으로 사용
groove_name_all_caps_cherrystone_defence	groove	ELDER SHIELD	エルダーシールド	贤者之盾	엘더 실드	엘더 실드	엘더 실드	draft	Wargroove 1 공식 한국어 우선
groove_name_all_caps_convert	groove	NOCTURNE OF WOE	哀しみのノクターン	哀怨夜曲	비애의 녹턴	비애의 녹턴	비애의 녹턴	draft	Wargroove 1 공식 한국어 우선
groove_name_all_caps_dash	groove	BLADE DASH	ブレードダッシュ	利刃冲刺	블레이드 대시	블레이드 대시	블레이드 대시	draft	Wargroove 1 공식 한국어 우선
groove_name_all_caps_drain_aura	groove	AURA OF RUIN	破滅のオーラ	破坏之光	폐허의 오라	폐허의 오라	폐허의 오라	draft	Wargroove 1 공식 한국어 우선
groove_name_all_caps_drone_bombs	groove	SPARROW BOMBS	スパロウボム	麻雀炸弹	스패로우 밤	스패로우 밤	스패로우 밤	draft	Wargroove 1 공식 한국어 우선
groove_name_all_caps_fire_craze	groove	FIRE DANCE	ファイアダンス	烈焰狂舞		파이어 댄스	파이어 댄스	draft	NSW WG2 번역을 Windows WG2 초안으로 사용
groove_name_all_caps_fish	groove	GONE FISHING	釣りの時間	钓鱼去	낚시 타임	낚시 타임	낚시 타임	draft	Wargroove 1 공식 한국어 우선
groove_name_all_caps_golf	groove	TEE OFF	ティーオフ	一杆入洞	티 오프	티 오프	티 오프	draft	Wargroove 1 공식 한국어 우선
groove_name_all_caps_heal_aura	groove	HEALING AURA	ヒーリングオーラ	治疗之光	힐링 오라	힐링 오라	힐링 오라	draft	Wargroove 1 공식 한국어 우선
groove_name_all_caps_powerful_form	groove	CRYSTAL HEART	クリスタルハート	水晶之心		크리스탈 하트	크리스탈 하트	draft	NSW WG2 번역을 Windows WG2 초안으로 사용
groove_name_all_caps_ragna_special_move	groove	RAGNA'S SMOKESHOW SPECTACULAR	ラグナのスモークショー	拉古拿之尤物登场		라그나의 화려한 대난장	라그나의 화려한 대난장	draft	NSW WG2 번역을 Windows WG2 초안으로 사용
groove_name_all_caps_ragnas_madness	groove	RAGNAS MADNESS	ラグナ マッドネス	拉古拿狂暴		라그나의 광기	라그나의 광기	draft	NSW WG2 번역을 Windows WG2 초안으로 사용
groove_name_all_caps_raise_dead	groove	RAISE DEAD	レイズデッド	唤醒骸骨	레이즈 데드	레이즈 데드	레이즈 데드	draft	Wargroove 1 공식 한국어 우선
groove_name_all_caps_sadistic_rush	groove	SADISTIC RUSH	サディスティック ラッシュ	嗜虐狂冲	사디스틱 러시	사디스틱 러시	사디스틱 러시	draft	Wargroove 1 공식 한국어 우선
groove_name_all_caps_second_wind	groove	INSPIRE	インスパイア	鼓舞士气	인스파이어	인스파이어	인스파이어	draft	Wargroove 1 공식 한국어 우선
groove_name_all_caps_shadow_sisters	groove	SHADOW SISTERS	シャドウ・シスター	影女	그림자 여인들	그림자 여인들	그림자 여인들	draft	Wargroove 1 공식 한국어 우선
groove_name_all_caps_smoke_screen	groove	SMOKE SHROUD	スモーク シュラウド	烟雾弥漫	스모크 슈라우드	스모크 슈라우드	스모크 슈라우드	draft	Wargroove 1 공식 한국어 우선
groove_name_all_caps_spin	groove	SONG CYCLONE	ソング サイクロン	律动旋风		송 사이클론	송 사이클론	draft	NSW WG2 번역을 Windows WG2 초안으로 사용
groove_name_all_caps_splash_jump	groove	SHIELD JUMP	シールドジャンプ	盾牌飞跃	실드 점프	실드 점프	실드 점프	draft	Wargroove 1 공식 한국어 우선
groove_name_all_caps_teleport_beam	groove	TELEPORT BEAM	テレポートビーム	瞬移光线	텔레포트 빔	텔레포트 빔	텔레포트 빔	draft	Wargroove 1 공식 한국어 우선
groove_name_all_caps_tornado	groove	RISING WIND	ライジングウィンド	龙卷风	라이징 윈드	라이징 윈드	라이징 윈드	draft	Wargroove 1 공식 한국어 우선
groove_name_all_caps_vampiric_touch	groove	VAMPIRIC TOUCH	ヴァンパイアタッチ	吸血轻抚	뱀파이어 터치	뱀파이어 터치	뱀파이어 터치	draft	Wargroove 1 공식 한국어 우선
groove_name_all_caps_vine_wall	groove	WILD GROWTH	ワイルド グロウス	藤生遍野	와일드 그로스	와일드 그로스	와일드 그로스	draft	Wargroove 1 공식 한국어 우선
groove_name_area_all_caps_combined	groove	COOLING FLAME	クーリング フレイム	清流烽火		쿨링 플레임	쿨링 플레임	draft	NSW WG2 번역을 Windows WG2 초안으로 사용
groove_name_area_combined	groove	Cooling Flame	クーリング フレイム	清流烽火		쿨링 플레임	쿨링 플레임	draft	NSW WG2 번역을 Windows WG2 초안으로 사용
groove_name_area_damage	groove	Scorching Fire	バーニングファイア	烽火连天	스코칭 파이어	스코칭 파이어	스코칭 파이어	draft	Wargroove 1 공식 한국어 우선
groove_name_area_heal	groove	Cooling Water	クーリングウォーター	清流灌地	쿨링 워터	쿨링 워터	쿨링 워터	draft	Wargroove 1 공식 한국어 우선
groove_name_bird_watching	groove	Bird Watching	野鳥観察	空山观鸟		탐조 타임	탐조 타임	draft	NSW WG2 번역을 Windows WG2 초안으로 사용
groove_name_chain_reaction	groove	Chain Reaction	ﾁｪｰﾝ ﾘｱｸｼｮﾝ	连锁反应		체인 리액션	체인 리액션	draft	NSW WG2 번역을 Windows WG2 초안으로 사용
groove_name_cherrystone_defence	groove	Elder Shield	エルダーシールド	贤者之盾	엘더 실드	엘더 실드	엘더 실드	draft	Wargroove 1 공식 한국어 우선
groove_name_convert	groove	Nocturne of Woe	哀しみのﾉｸﾀｰﾝ	哀怨夜曲	비애의 녹턴	비애의 녹턴	비애의 녹턴	draft	Wargroove 1 공식 한국어 우선
groove_name_dash	groove	Blade Dash	ブレードダッシュ	利刃冲刺	블레이드 대시	블레이드 대시	블레이드 대시	draft	Wargroove 1 공식 한국어 우선
groove_name_drain_aura	groove	Aura of Ruin	破滅のオーラ	破坏之光	폐허의 오라	폐허의 오라	폐허의 오라	draft	Wargroove 1 공식 한국어 우선
groove_name_drone_bombs	groove	Sparrow Bombs	スパロウボム	麻雀炸弹	스패로우 밤	스패로우 밤	스패로우 밤	draft	Wargroove 1 공식 한국어 우선
groove_name_dual_bombs	groove	Fire and Water	ﾌｧｲｱ & ｳｫｰﾀｰ	水火双容	파이어 앤 워터	파이어 앤 워터	파이어 앤 워터	draft	Wargroove 1 공식 한국어 우선
groove_name_fire_craze	groove	Fire Dance	ファイアダンス	烈焰狂舞		파이어 댄스	파이어 댄스	draft	NSW WG2 번역을 Windows WG2 초안으로 사용
groove_name_fish	groove	Gone Fishing	釣りの時間	钓鱼去	낚시 타임	낚시 타임	낚시 타임	draft	Wargroove 1 공식 한국어 우선
groove_name_golf	groove	Tee Off	ティーオフ	一杆入洞	티 오프	티 오프	티 오프	draft	Wargroove 1 공식 한국어 우선
groove_name_heal_aura	groove	Healing Aura	ヒーリングオーラ	治疗之光	힐링 오라	힐링 오라	힐링 오라	draft	Wargroove 1 공식 한국어 우선
groove_name_powerful_form	groove	Crystal Heart	クリスタルハート	水晶之心		크리스탈 하트	크리스탈 하트	draft	NSW WG2 번역을 Windows WG2 초안으로 사용
groove_name_ragnas_madness	groove	Smash or Create	スマッシュ オア クリエイト	粉碎或创造		부수거나 만들거나	부수거나 만들거나	draft	NSW WG2 번역을 Windows WG2 초안으로 사용
groove_name_raise_dead	groove	Raise Dead	レイズデッド	唤醒骸骨	레이즈 데드	레이즈 데드	레이즈 데드	draft	Wargroove 1 공식 한국어 우선
groove_name_sadistic_rush	groove	Sadistic Rush	ｻﾃﾞｨｽﾃｨｯｸ ﾗｯｼｭ	嗜虐狂冲	사디스틱 러시	사디스틱 러시	사디스틱 러시	draft	Wargroove 1 공식 한국어 우선
groove_name_second_wind	groove	Inspire	インスパイア	鼓舞士气	인스파이어	인스파이어	인스파이어	draft	Wargroove 1 공식 한국어 우선
groove_name_shadow_sisters	groove	Shadow Sisters	シャドウ・シスター	影女	그림자 여인들	그림자 여인들	그림자 여인들	draft	Wargroove 1 공식 한국어 우선
groove_name_smoke_screen	groove	Smoke Shroud	ｽﾓｰｸ ｼｭﾗｳﾄﾞ	烟雾弥漫	스모크 슈라우드	스모크 슈라우드	스모크 슈라우드	draft	Wargroove 1 공식 한국어 우선
groove_name_spin	groove	Song Cyclone	ソング サイクロン	律动旋风		송 사이클론	송 사이클론	draft	NSW WG2 번역을 Windows WG2 초안으로 사용
groove_name_splash_jump	groove	Shield Jump	シールドジャンプ	盾牌飞跃	실드 점프	실드 점프	실드 점프	draft	Wargroove 1 공식 한국어 우선
groove_name_teleport_beam	groove	Teleport Beam	テレポートビーム	瞬移光线	텔레포트 빔	텔레포트 빔	텔레포트 빔	draft	Wargroove 1 공식 한국어 우선
groove_name_tornado	groove	Rising Wind	ﾗｲｼﾞﾝｸﾞｳｨﾝﾄﾞ	龙卷风	라이징 윈드	라이징 윈드	라이징 윈드	draft	Wargroove 1 공식 한국어 우선
groove_name_twins	groove	Scorching Fire & Cooling Water	"バーニングファイアと
クーリングウォーター"	烽火连天·清流灌地	스코칭 파이어 & 쿨링 워터	스코칭 파이어 & 쿨링 워터	스코칭 파이어 & 쿨링 워터	draft	Wargroove 1 공식 한국어 우선
groove_name_vampiric_touch	groove	Vampiric Touch	ｳﾞｧﾝﾊﾟｲｱﾀｯﾁ	吸血轻抚	뱀파이어 터치	뱀파이어 터치	뱀파이어 터치	draft	Wargroove 1 공식 한국어 우선
groove_name_vine_wall	groove	Wild Growth	ワイルド グロウス	藤生遍野	와일드 그로스	와일드 그로스	와일드 그로스	draft	Wargroove 1 공식 한국어 우선
operator_different	groove	not	ではない	不是	not	not	아님	approved-quality	NSW resource의 명백한 미번역/잘못된 UI 문자열 수정
operator_greater	groove	more than	以上	多于	more than	more than	초과	approved-quality	NSW resource의 명백한 미번역/잘못된 UI 문자열 수정
operator_less	groove	less than	未満	少于	less than	less than	미만	approved-quality	NSW resource의 명백한 미번역/잘못된 UI 문자열 수정
structure_name_barracks	structure	Barracks	兵舎	兵营	병영	병영	병영	draft	Wargroove 1 공식 한국어 우선
structure_name_bonfire	structure	Watchtower	監視塔	瞭望塔		감시탑	감시탑	draft	NSW WG2 번역을 Windows WG2 초안으로 사용
structure_name_city	structure	Village	村	村庄	마을	마을	마을	draft	Wargroove 1 공식 한국어 우선
structure_name_conversion_school	structure	Exchange Depot	変換所	交易仓库		전환소	전환소	draft	NSW WG2 번역을 Windows WG2 초안으로 사용
structure_name_crystal	structure	Mysterious Crystal	神秘的なクリスタル	神秘水晶		수수께끼의 크리스탈	수수께끼의 크리스탈	draft	NSW WG2 번역을 Windows WG2 초안으로 사용
structure_name_cursed_structure	structure	Cursed Structure	呪われた建物	被诅咒的建筑		저주받은 건물	저주받은 건물	draft	NSW WG2 번역을 Windows WG2 초안으로 사용
structure_name_dispenser	structure	Dispenser	自動販売機	饮水机		배출기	배출기	draft	NSW WG2 번역을 Windows WG2 초안으로 사용
structure_name_dungeon_toggle	structure	Dungeon Toggle	ダンジョンの切り替え	地牢开关		던전 스위치	던전 스위치	draft	NSW WG2 번역을 Windows WG2 초안으로 사용
structure_name_floodgate	structure	Floodgate	水門	水闸		수문	수문	draft	NSW WG2 번역을 Windows WG2 초안으로 사용
structure_name_fortified_city	structure	Fortified City	要塞化した村	武装城市		요새화된 마을	요새화된 마을	draft	NSW WG2 번역을 Windows WG2 초안으로 사용
structure_name_fortified_water_city	structure	Fortified Water Village	要塞化した水上の村	武装水上村庄		요새화된 수상 마을	요새화된 수상 마을	draft	NSW WG2 번역을 Windows WG2 초안으로 사용
structure_name_gate	structure	Gate	門	闸门	관문	관문	관문	draft	Wargroove 1 공식 한국어 우선
structure_name_golem	structure	Golem (structure)	ゴーレム（建造物）	巨神兵（建筑）		골렘 (건물)	골렘 (건물)	draft	NSW WG2 번역을 Windows WG2 초안으로 사용
structure_name_healing_tower	structure	Healing Tower	回復の塔	治愈高塔		치유의 탑	치유의 탑	draft	NSW WG2 번역을 Windows WG2 초안으로 사용
structure_name_hideout	structure	Hideout	アジト	寨棚	은신처	은신처	은신처	draft	Wargroove 1 공식 한국어 우선
structure_name_hospital	structure	Infirmary	診療所	医务室		치료소	치료소	draft	NSW WG2 번역을 Windows WG2 초안으로 사용
structure_name_hq	structure	Stronghold	拠点	大本营	요새	요새	요새	draft	Wargroove 1 공식 한국어 우선
structure_name_lumbermill	structure	Lumbermill	製材所	锯木厂		제재소	제재소	draft	NSW WG2 번역을 Windows WG2 초안으로 사용
structure_name_port	structure	Port	港	港口	항구	항구	항구	draft	Wargroove 1 공식 한국어 우선
structure_name_portal	structure	Portal	転移門	传送门		차원문	차원문	draft	NSW WG2 번역을 Windows WG2 초안으로 사용
structure_name_portal_neutral	structure	Portal Inactive	転移門（停止）	传送门未激活		차원문 비활성	차원문 비활성	draft	NSW WG2 번역을 Windows WG2 초안으로 사용
structure_name_river_city	structure	River village	川の村	河流村庄		강가 마을	강가 마을	draft	NSW WG2 번역을 Windows WG2 초안으로 사용
structure_name_tavern	structure	Tavern	酒場	酒馆		선술집	선술집	draft	NSW WG2 번역을 Windows WG2 초안으로 사용
structure_name_tower	structure	Tower	塔	高塔	탑	탑	탑	draft	Wargroove 1 공식 한국어 우선
structure_name_treasure	structure	Treasure	宝箱	宝藏		보물	보물	draft	NSW WG2 번역을 Windows WG2 초안으로 사용
structure_name_water_city	structure	Water Village	水上の村	水上村庄	수상 마을	수상 마을	수상 마을	draft	Wargroove 1 공식 한국어 우선
turn_n	groove	TURN {0}	ターン {0}	回合{0}	TURN {0}	TURN {0}	턴 {0}	approved-quality	NSW resource의 명백한 미번역/잘못된 UI 문자열 수정
ui_cutscene_emote_cat	groove	Enid Lying Down			Enid Lying Down	Enid Lying Down	에니드 눕기	approved-quality	NSW resource의 명백한 미번역/잘못된 UI 문자열 수정
ui_cutscene_emote_catappears	groove	Enid Appears			Enid Grooming	Enid Grooming	에니드 등장	approved-quality	NSW resource의 명백한 미번역/잘못된 UI 문자열 수정
ui_cutscene_emote_catsit	groove	Enid Sitting			Enid Sitting	Enid Sitting	에니드 앉기	approved-quality	NSW resource의 명백한 미번역/잘못된 UI 문자열 수정
ui_cutscene_emote_catstop	groove	Enid Stops Grooming			Enid Stops Grooming	Enid Stops Grooming	에니드 그루밍 종료	approved-quality	NSW resource의 명백한 미번역/잘못된 UI 문자열 수정
ui_cutscene_emote_pet	groove	Pet		轻抚	귀여워하다	Enid Being Pet	쓰다듬기	approved-quality	NSW resource의 명백한 미번역/잘못된 UI 문자열 수정
ui_cutscene_sfx_family_leaving_bushes	groove	Wulfar and the Twins leaving the bushes.			Wulfar and the Twins leaving the bushes.	Wulfar and the Twins leaving the bushes.	울파와 쌍둥이가 수풀을 빠져나감	approved-quality	NSW resource의 명백한 미번역/잘못된 UI 문자열 수정
ui_cutscene_sfx_family_leaving_cactus	groove	Wulfar and the Twins leaving the cactii.			Wulfar and the Twins leaving the cactii.	Wulfar and the Twins leaving the cactii.	울파와 쌍둥이가 선인장을 빠져나감	approved-quality	NSW resource의 명백한 미번역/잘못된 UI 문자열 수정
ui_cutscene_sfx_treasure_stolen	groove	Gold Being Stolen			Gold Being Stolen	Gold Being Stolen	골드 도난	approved-quality	NSW resource의 명백한 미번역/잘못된 UI 문자열 수정
ui_map_day	groove	Turn {0}	ターン {0}	第{0}回合	Turn {0}	Turn {0}	턴 {0}	approved-quality	NSW resource의 명백한 미번역/잘못된 UI 문자열 수정
unit_name_airtrooper_cherrystone	unit	Flamingo	フラミンゴ	火烈鸟		플라밍고	플라밍고	draft	NSW WG2 번역을 Windows WG2 초안으로 사용
unit_name_airtrooper_faahri	unit	Fairfowl	フェアファウル	仙飞鹤		페어파울	페어파울	draft	NSW WG2 번역을 Windows WG2 초안으로 사용
unit_name_airtrooper_felheim	unit	Fellfowl	フェルファウル	鬼飞禽		펠파울	펠파울	draft	NSW WG2 번역을 Windows WG2 초안으로 사용
unit_name_airtrooper_floran	unit	Toumingo	トゥミンゴ	叶叶鸟		토우밍고	토우밍고	draft	NSW WG2 번역을 Windows WG2 초안으로 사용
unit_name_airtrooper_heavensong	unit	Golden Crane	ゴールドクレイン	金鹤		황금학	황금학	draft	NSW WG2 번역을 Windows WG2 초안으로 사용
unit_name_airtrooper_pirates	unit	Ostrich	ダチョウ	鸵鸟		타조	타조	draft	NSW WG2 번역을 Windows WG2 초안으로 사용
unit_name_archer_cherrystone	unit	Ranger	弓兵	弓游侠	레인저	레인저	레인저	draft	Wargroove 1 공식 한국어 우선
unit_name_archer_faahri	unit	Archyologist	アーチオロジスト	弓箭学家		아키올로지스트	아키올로지스트	draft	NSW WG2 번역을 Windows WG2 초안으로 사용
unit_name_archer_felheim	unit	Dreadbow	アンデッド弓兵	尸弓兵	언데드보우	언데드보우	언데드보우	draft	Wargroove 1 공식 한국어 우선
unit_name_archer_floran	unit	Shooter	シューター	射射兵	슈터	슈터	슈터	draft	Wargroove 1 공식 한국어 우선
unit_name_archer_heavensong	unit	Hawkbow	ホークボウ	鹰眼弓手	호크보우	호크보우	호크보우	draft	Wargroove 1 공식 한국어 우선
unit_name_archer_pirates	unit	Hoodlum	フードラム	流氓射手		불한당	불한당	draft	NSW WG2 번역을 Windows WG2 초안으로 사용
unit_name_ballista_cherrystone	unit	Ballista	バリスタ	弩车	발리스타	발리스타	발리스타	draft	Wargroove 1 공식 한국어 우선
unit_name_ballista_faahri	unit	Ballista	バリスタ	弩车		발리스타	발리스타	draft	NSW WG2 번역을 Windows WG2 초안으로 사용
unit_name_ballista_felheim	unit	Ballista	バリスタ	弩车	발리스타	발리스타	발리스타	draft	Wargroove 1 공식 한국어 우선
unit_name_ballista_floran	unit	Ballista	バリスタ	弩车	발리스타	발리스타	발리스타	draft	Wargroove 1 공식 한국어 우선
unit_name_ballista_heavensong	unit	Ballista	バリスタ	弩车	발리스타	발리스타	발리스타	draft	Wargroove 1 공식 한국어 우선
unit_name_ballista_pirates	unit	Ballista	バリスタ	弩车		발리스타	발리스타	draft	NSW WG2 번역을 Windows WG2 초안으로 사용
unit_name_balloon_cherrystone	unit	Balloon	気球隊	气球	열기구	열기구	열기구	draft	Wargroove 1 공식 한국어 우선
unit_name_balloon_faahri	unit	Supernal	スパーナル	天上船		수퍼널	수퍼널	draft	NSW WG2 번역을 Windows WG2 초안으로 사용
unit_name_balloon_felheim	unit	Balloon	気球隊	气球	열기구	열기구	열기구	draft	Wargroove 1 공식 한국어 우선
unit_name_balloon_floran	unit	Floaty Thing	フワフワ	浮浮球	둥실둥실	둥실둥실	둥실둥실	draft	Wargroove 1 공식 한국어 우선
unit_name_balloon_heavensong	unit	Balloon	気球隊	气球	열기구	열기구	열기구	draft	Wargroove 1 공식 한국어 우선
unit_name_balloon_pirates	unit	Balloon	気球隊	气球		열기구	열기구	draft	NSW WG2 번역을 Windows WG2 초안으로 사용
unit_name_boarding_ship_cherrystone	unit	Boarding Ship	乗船	登船		접현선	접현선	draft	NSW WG2 번역을 Windows WG2 초안으로 사용
unit_name_boarding_ship_faahri	unit	Boarding Ship	乗船	登船		접현선	접현선	draft	NSW WG2 번역을 Windows WG2 초안으로 사용
unit_name_boarding_ship_felheim	unit	Boarding Ship	乗船	登船		접현선	접현선	draft	NSW WG2 번역을 Windows WG2 초안으로 사용
unit_name_boarding_ship_floran	unit	Boarding Ship	乗船	登船		접현선	접현선	draft	NSW WG2 번역을 Windows WG2 초안으로 사용
unit_name_boarding_ship_heavensong	unit	Boarding Ship	乗船	登船		접현선	접현선	draft	NSW WG2 번역을 Windows WG2 초안으로 사용
unit_name_boarding_ship_pirates	unit	Boarding Ship	乗船	登船		접현선	접현선	draft	NSW WG2 번역을 Windows WG2 초안으로 사용
unit_name_caravel_cherrystone	unit	Riverboat	河川哨戒艇	江船		강배	강배	draft	NSW WG2 번역을 Windows WG2 초안으로 사용
unit_name_caravel_faahri	unit	Riverboat	河川哨戒艇	江船		강배	강배	draft	NSW WG2 번역을 Windows WG2 초안으로 사용
unit_name_caravel_felheim	unit	Riverboat	河川哨戒艇	江船		강배	강배	draft	NSW WG2 번역을 Windows WG2 초안으로 사용
unit_name_caravel_floran	unit	Riverboat	河川哨戒艇	江船		강배	강배	draft	NSW WG2 번역을 Windows WG2 초안으로 사용
unit_name_caravel_heavensong	unit	Ryuu-boat	ドラゴンボート	天龙江船		류보트	류보트	draft	NSW WG2 번역을 Windows WG2 초안으로 사용
unit_name_caravel_pirates	unit	Riverboat	河川哨戒艇	江船		강배	강배	draft	NSW WG2 번역을 Windows WG2 초안으로 사용
unit_name_dog_cherrystone	unit	Battlepup	戦闘犬	战斗毛孩	배틀퍼피	배틀퍼피	배틀퍼피	draft	Wargroove 1 공식 한국어 우선
unit_name_dog_faahri	unit	Entomon	エントモン	古虫		엔토몬	엔토몬	draft	NSW WG2 번역을 Windows WG2 초안으로 사용
unit_name_dog_felheim	unit	Dreadhound	アンデッドハウンド	丧尸犬	언데드하운드	언데드하운드	언데드하운드	draft	Wargroove 1 공식 한국어 우선
unit_name_dog_floran	unit	Quagmutt	クアッグ犬	泽泽犬	콰그견	콰그견	콰그견	draft	Wargroove 1 공식 한국어 우선
unit_name_dog_heavensong	unit	Shiba Inu	柴犬	柴犬	시바견	시바견	시바견	draft	Wargroove 1 공식 한국어 우선
unit_name_dog_pirates	unit	Battleboar	バトルボア	战意野猪		배틀보어	배틀보어	draft	NSW WG2 번역을 Windows WG2 초안으로 사용
unit_name_donut	unit	Donut	ドーナツ	多多		도넛	도넛	draft	NSW WG2 번역을 Windows WG2 초안으로 사용
unit_name_dragon_cherrystone	unit	Emberwing	エンバーウイング	辉翼飞龙	엠버윙	엠버윙	엠버윙	draft	Wargroove 1 공식 한국어 우선
unit_name_dragon_faahri	unit	Stygiforme	スティギフォーム	冥河翼龙		스티기포름	스티기포름	draft	NSW WG2 번역을 Windows WG2 초안으로 사용
unit_name_dragon_felheim	unit	Fellbat	フェルバット	蝠翼邪龙	펠뱃	펠뱃	펠뱃	draft	Wargroove 1 공식 한국어 우선
unit_name_dragon_floran	unit	Bloom Dragon	ブルームドラゴン	奇卉青龙	블룸 드래곤	블룸 드래곤	블룸 드래곤	draft	Wargroove 1 공식 한국어 우선
unit_name_dragon_heavensong	unit	Ryuu	ヘヴンズドラゴン	天龙	류	류	류	draft	Wargroove 1 공식 한국어 우선
unit_name_dragon_pirates	unit	Skychild	スカイチャイルド	空之子		하늘의 아이	하늘의 아이	draft	NSW WG2 번역을 Windows WG2 초안으로 사용
unit_name_fenris	unit	Fenris	フェンリス	芬芬		펜리스	펜리스	draft	NSW WG2 번역을 Windows WG2 초안으로 사용
unit_name_frog_cherrystone	unit	Frogfolk	カエル族	蛙人		개구리족	개구리족	draft	NSW WG2 번역을 Windows WG2 초안으로 사용
unit_name_frog_faahri	unit	Pullbot	プルボット	金蟾		풀봇	풀봇	draft	NSW WG2 번역을 Windows WG2 초안으로 사용
unit_name_frog_felheim	unit	Fellfrog	フェルフロッグ	鬼蛙		펠프로그	펠프로그	draft	NSW WG2 번역을 Windows WG2 초안으로 사용
unit_name_frog_floran	unit	Tree Frog	ツリーフロッグ	树蛙		청개구리	청개구리	draft	NSW WG2 번역을 Windows WG2 초안으로 사용
unit_name_frog_heavensong	unit	Kerobotto	ケロボット	蛙桑		케로봇토	케로봇토	draft	NSW WG2 번역을 Windows WG2 초안으로 사용
unit_name_frog_pirates	unit	Croaker	クローカー	呱呱蛙		개굴이	개굴이	draft	NSW WG2 번역을 Windows WG2 초안으로 사용
unit_name_ghost_mercvial	unit	Ghost of King Mercival	国王マーシヴァルの亡霊	先王玛斯福的幽灵	머시벌 왕의 유령	머시벌 왕의 유령	머시벌 왕의 유령	draft	Wargroove 1 공식 한국어 우선
unit_name_giant_cherrystone	unit	Golem	ゴーレム	巨神兵	골렘	골렘	골렘	draft	Wargroove 1 공식 한국어 우선
unit_name_giant_faahri	unit	Harvester	ハーベスター	收割者		하베스터	하베스터	draft	NSW WG2 번역을 Windows WG2 초안으로 사용
unit_name_giant_felheim	unit	Revenant	レヴェナント	大丧尸	레버넌트	레버넌트	레버넌트	draft	Wargroove 1 공식 한국어 우선
unit_name_giant_floran	unit	Gloom Giant	大木兵	暗木巨人	어둠거인	어둠거인	어둠거인	draft	Wargroove 1 공식 한국어 우선
unit_name_giant_heavensong	unit	Oni	オニ	恶鬼	오니	오니	오니	draft	Wargroove 1 공식 한국어 우선
unit_name_giant_pirates	unit	Crossbonz	クロスボンズ	海盗巨人		크로스본즈	크로스본즈	draft	NSW WG2 번역을 Windows WG2 초안으로 사용
unit_name_golem_cherrystone	unit	Guardian	ガーディアン	守护者		가디언	가디언	draft	NSW WG2 번역을 Windows WG2 초안으로 사용
unit_name_golem_faahri	unit	Guardian	ガーディアン	守护者		가디언	가디언	draft	NSW WG2 번역을 Windows WG2 초안으로 사용
unit_name_golem_felheim	unit	Guardian	ガーディアン	守护者		가디언	가디언	draft	NSW WG2 번역을 Windows WG2 초안으로 사용
unit_name_golem_floran	unit	Guardian	ガーディアン	守护者		가디언	가디언	draft	NSW WG2 번역을 Windows WG2 초안으로 사용
unit_name_golem_heavensong	unit	Guardian	ガーディアン	守护者		가디언	가디언	draft	NSW WG2 번역을 Windows WG2 초안으로 사용
unit_name_golem_pirates	unit	Guardian	ガーディアン	守护者		가디언	가디언	draft	NSW WG2 번역을 Windows WG2 초안으로 사용
unit_name_griffin_cherrystone	unit	Flamingo	フラミンゴ	火烈鸟		플라밍고	플라밍고	draft	NSW WG2 번역을 Windows WG2 초안으로 사용
unit_name_griffin_faahri	unit	Fairfowl	フェアファウル	仙飞鹤		페어파울	페어파울	draft	NSW WG2 번역을 Windows WG2 초안으로 사용
unit_name_griffin_felheim	unit	Fellfowl	フェルファウル	鬼飞禽		펠파울	펠파울	draft	NSW WG2 번역을 Windows WG2 초안으로 사용
unit_name_griffin_floran	unit	Toumingo	トゥミンゴ	叶叶鸟		토우밍고	토우밍고	draft	NSW WG2 번역을 Windows WG2 초안으로 사용
unit_name_griffin_heavensong	unit	Golden Crane	ゴールドクレイン	金鹤		황금학	황금학	draft	NSW WG2 번역을 Windows WG2 초안으로 사용
unit_name_griffin_pirates	unit	Ostrich	ダチョウ	鸵鸟		타조	타조	draft	NSW WG2 번역을 Windows WG2 초안으로 사용
unit_name_harpoonship_cherrystone	unit	Harpoon Ship	ハープーン艦	鱼叉船	작살포함	작살포함	작살포함	draft	Wargroove 1 공식 한국어 우선
unit_name_harpoonship_faahri	unit	Harpoon Ship	ハープーン艦	鱼叉船		작살포함	작살포함	draft	NSW WG2 번역을 Windows WG2 초안으로 사용
unit_name_harpoonship_felheim	unit	Harpoon Ship	ハープーン艦	鱼叉船	작살포함	작살포함	작살포함	draft	Wargroove 1 공식 한국어 우선
unit_name_harpoonship_floran	unit	Harpoon Ship	ハープーン艦	鱼叉船	작살포함	작살포함	작살포함	draft	Wargroove 1 공식 한국어 우선
unit_name_harpoonship_heavensong	unit	Harpoon Ship	ハープーン艦	鱼叉船	작살포함	작살포함	작살포함	draft	Wargroove 1 공식 한국어 우선
unit_name_harpoonship_pirates	unit	Harpoon Ship	ハープーン艦	鱼叉船		작살포함	작살포함	draft	NSW WG2 번역을 Windows WG2 초안으로 사용
unit_name_harpy_cherrystone	unit	Harpy	ハーピー	鸟人	하피	하피	하피	draft	Wargroove 1 공식 한국어 우선
unit_name_harpy_faahri	unit	Flight Engineer	フライトエンジニア	飞行工程师		비행 기술자	비행 기술자	draft	NSW WG2 번역을 Windows WG2 초안으로 사용
unit_name_harpy_felheim	unit	Vampire	ヴァンパイア	吸血鬼	뱀파이어	뱀파이어	뱀파이어	draft	Wargroove 1 공식 한국어 우선
unit_name_harpy_floran	unit	Leafwing	リーフウイング	绿叶飞翼	리프윙	리프윙	리프윙	draft	Wargroove 1 공식 한국어 우선
unit_name_harpy_heavensong	unit	Tengu	天狗	天狗	텐구	텐구	텐구	draft	Wargroove 1 공식 한국어 우선
unit_name_harpy_pirates	unit	Siren	セイレーン	塞壬		세이렌	세이렌	draft	NSW WG2 번역을 Windows WG2 초안으로 사용
unit_name_knight_cherrystone	unit	Knight	騎士	骑士	나이트	나이트	나이트	draft	Wargroove 1 공식 한국어 우선
unit_name_knight_faahri	unit	Chevalier	シェヴァリア	明骑士		슈발리에	슈발리에	draft	NSW WG2 번역을 Windows WG2 초안으로 사용
unit_name_knight_felheim	unit	Dreadknight	アンデッド騎士	尸骑士	언데드나이트	언데드나이트	언데드나이트	draft	Wargroove 1 공식 한국어 우선
unit_name_knight_floran	unit	Greenguard	ガーデンガード	绿卫士	그린가드	그린가드	그린가드	draft	Wargroove 1 공식 한국어 우선
unit_name_knight_heavensong	unit	Tigerlance	タイガーランス	虎威铁骑	타이거랜스	타이거랜스	타이거랜스	draft	Wargroove 1 공식 한국어 우선
unit_name_knight_pirates	unit	Highwayman	ハイウェイマン	骑盗		노상강도	노상강도	draft	NSW WG2 번역을 Windows WG2 초안으로 사용
unit_name_kraken_cherrystone	unit	Octopus	オクトパス	章鱼		문어	문어	draft	NSW WG2 번역을 Windows WG2 초안으로 사용
unit_name_kraken_faahri	unit	Kephalos	ケファロス	刻法罗斯		케팔로스	케팔로스	draft	NSW WG2 번역을 Windows WG2 초안으로 사용
unit_name_kraken_felheim	unit	Kraken	クラーケン	克拉肯		크라켄	크라켄	draft	NSW WG2 번역을 Windows WG2 초안으로 사용
unit_name_kraken_floran	unit	Doom Squid	ドゥームスクイッド	大王乌贼		둠 스퀴드	둠 스퀴드	draft	NSW WG2 번역을 Windows WG2 초안으로 사용
unit_name_kraken_heavensong	unit	Korokamu	コロカム	化鲸		코로카무	코로카무	draft	NSW WG2 번역을 Windows WG2 초안으로 사용
unit_name_kraken_pirates	unit	Seachild	シーチャイルド	海之子		바다의 아이	바다의 아이	draft	NSW WG2 번역을 Windows WG2 초안으로 사용
unit_name_mage_cherrystone	unit	Alchemist	アルケミスト	炼金术士	연금술사	연금술사	연금술사	draft	Wargroove 1 공식 한국어 우선
unit_name_mage_faahri	unit	Rhabdomancer	ラブドマンサー	占卜巫师		랍도맨서	랍도맨서	draft	NSW WG2 번역을 Windows WG2 초안으로 사용
unit_name_mage_felheim	unit	Warlock	黒魔術師	黑魔法师	흑마법사	흑마법사	흑마법사	draft	Wargroove 1 공식 한국어 우선
unit_name_mage_floran	unit	Shaman	シャーマン	巫医	주술사	주술사	주술사	draft	Wargroove 1 공식 한국어 우선
unit_name_mage_heavensong	unit	Thunderbear	サンダーベア	雷霆巨熊	선더베어	선더베어	선더베어	draft	Wargroove 1 공식 한국어 우선
unit_name_mage_pirates	unit	Priest	僧侶	牧师		사제	사제	draft	NSW WG2 번역을 Windows WG2 초안으로 사용
unit_name_merman_cherrystone	unit	Merfolk	魚人	人鱼	어인	어인	어인	draft	Wargroove 1 공식 한국어 우선
unit_name_merman_faahri	unit	Aquanaut	アクアノート	水行者		아쿠아노트	아쿠아노트	draft	NSW WG2 번역을 Windows WG2 초안으로 사용
unit_name_merman_felheim	unit	Deepfolk	深海人	海人	심해인	심해인	심해인	draft	Wargroove 1 공식 한국어 우선
unit_name_merman_floran	unit	Splasher	スプラッシャー	泼泼兵	스플래셔	스플래셔	스플래셔	draft	Wargroove 1 공식 한국어 우선
unit_name_merman_heavensong	unit	Kappa	カッパ	河童	갓파	갓파	갓파	draft	Wargroove 1 공식 한국어 우선
unit_name_merman_pirates	unit	Buccaneer	魚人	水贼		버커니어	버커니어	draft	NSW WG2 번역을 Windows WG2 초안으로 사용
unit_name_oaracle	unit	Oaracle	オラクル	奥拉克		오아라클	오아라클	draft	NSW WG2 번역을 Windows WG2 초안으로 사용
unit_name_rifleman_cherrystone	unit	Marksman	マークスマン	狙击手	명사수	명사수	명사수	draft	Wargroove 1 공식 한국어 우선
unit_name_rifleman_faahri	unit	Sniper	スナイパー	狙神		스나이퍼	스나이퍼	draft	NSW WG2 번역을 Windows WG2 초안으로 사용
unit_name_rifleman_felheim	unit	Dreadeye	ドレッドアイ	鬼眼兵	언데드아이	언데드아이	언데드아이	draft	Wargroove 1 공식 한국어 우선
unit_name_rifleman_floran	unit	Gunner	ガンナー	呯呯兵	거너	거너	거너	draft	Wargroove 1 공식 한국어 우선
unit_name_rifleman_heavensong	unit	Eagle-Eye	イーグルアイ	雕目枪兵	이글아이	이글아이	이글아이	draft	Wargroove 1 공식 한국어 우선
unit_name_rifleman_pirates	unit	Musketeer	マスケティア	火枪手		머스킷병	머스킷병	draft	NSW WG2 번역을 Windows WG2 초안으로 사용
unit_name_soldier_cherrystone	unit	Swordsman	剣士	剑士	소드맨	소드맨	소드맨	draft	Wargroove 1 공식 한국어 우선
unit_name_soldier_faahri	unit	Duelist	デュエリスト	决斗兵		듀얼리스트	듀얼리스트	draft	NSW WG2 번역을 Windows WG2 초안으로 사용
unit_name_soldier_felheim	unit	Dreadsword	アンデッド剣士	尸剑士	언데드소드	언데드소드	언데드소드	draft	Wargroove 1 공식 한국어 우선
unit_name_soldier_floran	unit	Slasher	スラッシャー	斩斩兵	슬래셔	슬래셔	슬래셔	draft	Wargroove 1 공식 한국어 우선
unit_name_soldier_heavensong	unit	Lionblade	ライオンブレード	雄狮剑士	라이언블레이드	라이언블레이드	라이언블레이드	draft	Wargroove 1 공식 한국어 우선
unit_name_soldier_pirates	unit	Swashbuckler	スワッシュバックラー	侠盗		스와시버클러	스와시버클러	draft	NSW WG2 번역을 Windows WG2 초안으로 사용
unit_name_sourcheeks	unit	Sourcheeks	サワーチークス	索契克		사워칙스	사워칙스	draft	NSW WG2 번역을 Windows WG2 초안으로 사용
unit_name_spearman_cherrystone	unit	Pikeman	槍兵	长枪兵	파이크맨	파이크맨	파이크맨	draft	Wargroove 1 공식 한국어 우선
unit_name_spearman_faahri	unit	Perforator	パーフォレーター	钻孔兵		퍼포레이터	퍼포레이터	draft	NSW WG2 번역을 Windows WG2 초안으로 사용
unit_name_spearman_felheim	unit	Dreadspear	アンデッド槍兵	尸枪兵	언데드스피어	언데드스피어	언데드스피어	draft	Wargroove 1 공식 한국어 우선
unit_name_spearman_floran	unit	Stabber	スタッバー	刺刺兵	스태버	스태버	스태버	draft	Wargroove 1 공식 한국어 우선
unit_name_spearman_heavensong	unit	Heronguard	ヘロンガード	鹭嘴枪兵	헤론가드	헤론가드	헤론가드	draft	Wargroove 1 공식 한국어 우선
unit_name_spearman_pirates	unit	Spearfisher	スピアフィッシャー	鱼叉行者		작살잡이	작살잡이	draft	NSW WG2 번역을 Windows WG2 초안으로 사용
unit_name_sweetcheeks	unit	Lt. Umibōzu	ウミボウズ大尉	海坊主中尉		우미보즈 중위	우미보즈 중위	draft	NSW WG2 번역을 Windows WG2 초안으로 사용
unit_name_thief_cherrystone	unit	Rogue	ライトフィンガー	怪盗	빠른손	빠른손	빠른손	draft	Wargroove 1 공식 한국어 우선
unit_name_thief_faahri	unit	Larcenist	ラーシニスト	盗圣		라세니스트	라세니스트	draft	NSW WG2 번역을 Windows WG2 초안으로 사용
unit_name_thief_felheim	unit	Prowler	プラウラー	幽鬼	밤손님	밤손님	밤손님	draft	Wargroove 1 공식 한국어 우선
unit_name_thief_floran	unit	Sneaker	スニーカー	偷偷兵	좀도둑	좀도둑	좀도둑	draft	Wargroove 1 공식 한국어 우선
unit_name_thief_heavensong	unit	Fleetfoot	フリートフット	忍者	토끼발	토끼발	토끼발	draft	Wargroove 1 공식 한국어 우선
unit_name_thief_pirates	unit	Pennypincher	ペニーピンチャー	吝啬鬼		구두쇠	구두쇠	draft	NSW WG2 번역을 Windows WG2 초안으로 사용
unit_name_thief_with_gold_cherrystone	unit	Loaded Rogue	金持ちのライトフィンガー	运财怪盗	골드를 든 빠른손	골드를 든 빠른손	골드를 든 빠른손	draft	Wargroove 1 공식 한국어 우선
unit_name_thief_with_gold_faahri	unit	Loaded Larcenist	金持ちのラーシニスト	运财盗圣		골드를 든 라세니스트	골드를 든 라세니스트	draft	NSW WG2 번역을 Windows WG2 초안으로 사용
unit_name_thief_with_gold_felheim	unit	Loaded Prowler	金持ちのプラウラー	运财幽鬼	골드를 든 밤손님	골드를 든 밤손님	골드를 든 밤손님	draft	Wargroove 1 공식 한국어 우선
unit_name_thief_with_gold_floran	unit	Loaded Sneaker	金持ちのスニーカー	运财偷偷兵	골드를 든 좀도둑	골드를 든 좀도둑	골드를 든 좀도둑	draft	Wargroove 1 공식 한국어 우선
unit_name_thief_with_gold_heavensong	unit	Loaded Fleetfoot	金持ちのフリートフット	运财忍者	골드를 든 토끼발	골드를 든 토끼발	골드를 든 토끼발	draft	Wargroove 1 공식 한국어 우선
unit_name_thief_with_gold_pirates	unit	Loaded Pennypincher	金持ちのペニーピンチャー	运财吝啬鬼		골드를 든 구두쇠	골드를 든 구두쇠	draft	NSW WG2 번역을 Windows WG2 초안으로 사용
unit_name_travelboat_cherrystone	unit	Barge	輸送船	运兵船	수송선	수송선	수송선	draft	Wargroove 1 공식 한국어 우선
unit_name_travelboat_faahri	unit	Thalassic	タラシック	碧海帆		탈라식	탈라식	draft	NSW WG2 번역을 Windows WG2 초안으로 사용
unit_name_travelboat_felheim	unit	Barge	輸送船	运兵船	수송선	수송선	수송선	draft	Wargroove 1 공식 한국어 우선
unit_name_travelboat_floran	unit	Barge	輸送船	运兵船	수송선	수송선	수송선	draft	Wargroove 1 공식 한국어 우선
unit_name_travelboat_heavensong	unit	Barge	輸送船	运兵船	수송선	수송선	수송선	draft	Wargroove 1 공식 한국어 우선
unit_name_travelboat_pirates	unit	Barge	輸送船	运兵船		수송선	수송선	draft	NSW WG2 번역을 Windows WG2 초안으로 사용
unit_name_trebuchet_cherrystone	unit	Trebuchet	投石器	发石车	투석기	투석기	투석기	draft	Wargroove 1 공식 한국어 우선
unit_name_trebuchet_faahri	unit	Trebuchet	投石器	发石车		투석기	투석기	draft	NSW WG2 번역을 Windows WG2 초안으로 사용
unit_name_trebuchet_felheim	unit	Trebuchet	投石器	发石车	투석기	투석기	투석기	draft	Wargroove 1 공식 한국어 우선
unit_name_trebuchet_floran	unit	Treebuchet	投石樹	发石树车	투숲기	투숲기	투숲기	draft	Wargroove 1 공식 한국어 우선
unit_name_trebuchet_heavensong	unit	Trebuchet	投石器	发石车	투석기	투석기	투석기	draft	Wargroove 1 공식 한국어 우선
unit_name_trebuchet_pirates	unit	Trebuchet	投石器	发石车		투석기	투석기	draft	NSW WG2 번역을 Windows WG2 초안으로 사용
unit_name_turtle_cherrystone	unit	Sea Turtle	ウミガメ	大海龟	바다거북	바다거북	바다거북	draft	Wargroove 1 공식 한국어 우선
unit_name_turtle_faahri	unit	Chelonian	ケロニアン	龟		켈로니안	켈로니안	draft	NSW WG2 번역을 Windows WG2 초안으로 사용
unit_name_turtle_felheim	unit	Bone Turtle	ボーンタートル	骸骨海龟	뼈거북	뼈거북	뼈거북	draft	Wargroove 1 공식 한국어 우선
unit_name_turtle_floran	unit	Mudsnapper	マッドタートル	大泥鳅	진흙거북	진흙거북	진흙거북	draft	Wargroove 1 공식 한국어 우선
unit_name_turtle_heavensong	unit	Cogshell	メカタートル	齿轮巨壳	톱니거북	톱니거북	톱니거북	draft	Wargroove 1 공식 한국어 우선
unit_name_turtle_pirates	unit	Leatherback	オサガメ	棱皮龟		장수거북	장수거북	draft	NSW WG2 번역을 Windows WG2 초안으로 사용
unit_name_villager_cherrystone	unit	Villager	村人	村民	마을 사람	마을 사람	마을 사람	draft	Wargroove 1 공식 한국어 우선
unit_name_villager_faahri	unit	Scribe	書記官	抄写员		서기	서기	draft	NSW WG2 번역을 Windows WG2 초안으로 사용
unit_name_villager_felheim	unit	Villager	村人	村民	마을 사람	마을 사람	마을 사람	draft	Wargroove 1 공식 한국어 우선
unit_name_villager_floran	unit	Villager	村人	村民	마을 사람	마을 사람	마을 사람	draft	Wargroove 1 공식 한국어 우선
unit_name_villager_heavensong	unit	Villager	村人	村民	마을 사람	마을 사람	마을 사람	draft	Wargroove 1 공식 한국어 우선
unit_name_villager_pirates	unit	Crewman	乗組員	船员		선원	선원	draft	NSW WG2 번역을 Windows WG2 초안으로 사용
unit_name_wagon_cherrystone	unit	Wagon	馬車	马车	수송차	수송차	수송차	draft	Wargroove 1 공식 한국어 우선
unit_name_wagon_faahri	unit	Terranean	テラニアン	陆行车		테라네안	테라네안	draft	NSW WG2 번역을 Windows WG2 초안으로 사용
unit_name_wagon_felheim	unit	Wagon	馬車	马车	수송차	수송차	수송차	draft	Wargroove 1 공식 한국어 우선
unit_name_wagon_floran	unit	Wagon	馬車	马车	수송차	수송차	수송차	draft	Wargroove 1 공식 한국어 우선
unit_name_wagon_heavensong	unit	Wagon	馬車	马车	수송차	수송차	수송차	draft	Wargroove 1 공식 한국어 우선
unit_name_wagon_pirates	unit	Wagon	馬車	马车		수송차	수송차	draft	NSW WG2 번역을 Windows WG2 초안으로 사용
unit_name_warship_cherrystone	unit	Warship	軍艦	战船	군함	군함	군함	draft	Wargroove 1 공식 한국어 우선
unit_name_warship_faahri	unit	Warship	軍艦	战船		군함	군함	draft	NSW WG2 번역을 Windows WG2 초안으로 사용
unit_name_warship_felheim	unit	Warship	軍艦	战船	군함	군함	군함	draft	Wargroove 1 공식 한국어 우선
unit_name_warship_floran	unit	Warship	軍艦	战船	군함	군함	군함	draft	Wargroove 1 공식 한국어 우선
unit_name_warship_heavensong	unit	Warship	軍艦	战船	군함	군함	군함	draft	Wargroove 1 공식 한국어 우선
unit_name_warship_pirates	unit	Man O' War	マンノウォー	风帆战舰		맨오워	맨오워	draft	NSW WG2 번역을 Windows WG2 초안으로 사용
unit_name_witch_cherrystone	unit	Witch	魔法使い	巫师	마녀	마녀	마녀	draft	Wargroove 1 공식 한국어 우선
unit_name_witch_faahri	unit	Hexologist	ヘクスオロジスト	咒术学家		헥솔로지스트	헥솔로지스트	draft	NSW WG2 번역을 Windows WG2 초안으로 사용
unit_name_witch_felheim	unit	Wraith	レイス	恶灵	망령	망령	망령	draft	Wargroove 1 공식 한국어 우선
unit_name_witch_floran	unit	Swooper	スウィーパー	啄啄兵	스우퍼	스우퍼	스우퍼	draft	Wargroove 1 공식 한국어 우선
unit_name_witch_heavensong	unit	Stormowl	ストームオウル	风暴鹗枭	스톰아울	스톰아울	스톰아울	draft	Wargroove 1 공식 한국어 우선
unit_name_witch_pirates	unit	Muse	ミューズ	缪斯		뮤즈	뮤즈	draft	NSW WG2 번역을 Windows WG2 초안으로 사용
wg2_a1m1_cry_for_help_cutscene_a1m1_scene_1_intro_dialog_023_text	groove	Hey Mercia!	マーシア、久しぶり！	嗨，玛丝雅！		안녕, 머시아!	머시아, 오랜만이야!	approved-quality	NSW resource의 명백한 미번역/잘못된 UI 문자열 수정
wg2_a1m1_cry_for_help_cutscene_a1m1_scene_1_intro_dialog_055_text	groove	I'm not privy to the details.[short_pause] Only that it's to be a [wavy]private[wavy] affair.	"詳しいことは存じませぬが、
[short_pause][wavy]私的な事情[wavy]とだけ
申し上げておきます。"	我并不知晓细节，[short_pause]只知道这是女皇的[wavy]私人[wavy]事务。		자세한 사정은 저도 듣지 못했습니다.[short_pause] [wavy]비공식[wavy] 자리라는 것만 압니다.	자세한 사정은 저도 듣지 못했습니다.[short_pause] [wavy]사적인 일이라는 것만[wavy] 압니다.	approved-quality	NSW resource의 명백한 미번역/잘못된 UI 문자열 수정
wg2_a1m1_cry_for_help_cutscene_a1m1_scene_1_intro_dialog_085_text	groove	Wha?! Do [shaking]not!	えっ！？ [shaking]怖くないよ！	什么？！你[shaking]胡说！		뭐?! 안 [shaking]그래!	뭐?! [shaking]안 무섭거든!	approved-quality	NSW resource의 명백한 미번역/잘못된 UI 문자열 수정
wg2_a1m1_cry_for_help_cutscene_a1m1_scene_1_intro_dialog_134_text	groove	This is gonna be the BEST sleepover in [shaking]HISTORY!	"[shaking]最高[shaking]のお泊まり会に
なりそう！"	这将是[shaking]史上[shaking]最棒的留宿一夜！！		[shaking]역사상[shaking] 최고의 외박이 될 거야!	[shaking]역사상 최고의 파자마 파티가 될 거야!	approved-quality	NSW resource의 명백한 미번역/잘못된 UI 문자열 수정
wg2_a2m1_the_dead_of_night_trigger_talk_to_vesper_action_012_002	groove	[wavy]Mon dieu...	[wavy]モンデュー…（やれやれ…）	[wavy]额滴神啊……		[wavy]Mon dieu...	[wavy]아이고...	approved-quality	NSW resource의 명백한 미번역/잘못된 UI 문자열 수정
wg2_a3m1_bottom_of_the_world_cutscene_air_campaign_act_3_map_1_intro_dialog_008_text	groove	[wavy]C'est impossible!	[wavy]不可能よ！	[wavy]做不到了！		[wavy]C'est impossible!	[wavy]말도 안 돼!	approved-quality	NSW resource의 명백한 미번역/잘못된 UI 문자열 수정
wg2_forests_edge_trigger_initial_map_setup_intro_vesper_action_000_002	groove	[colour:purple][instant]Quan[shaking]d[shaking][instant] l[shaking]a[shaking] te[scared][short_pause] [instant]r[scared]re est[instant] [shaking]chang [shaking]é[shaking]e en un ca[short_pause][instant]chot[instant] hu[shaking]mide - [short_pause][instant]me[scared]tt[scared]ez[instant] à geindre opini[scared]â[scared]tremen[shaking]--t	"[colour:purple]リ[shaking]ヤ[shaking]ン [shaking]ヌ[shaking] ヴァ [shaking]プ[shaking]リュ！
（そこまでよ！）"	[colour:purple][instant]当[shaking]大地[shaking]变为[shaking]潮湿[shaking]的[scared][short_pause] [instant]地牢[scared]时，[short_pause][instant]你能[scared]听到[scared]她[shaking]顽强[shaking]的[scared]呻吟——		[colour:purple][instant]Quan[shaking]d[shaking][instant] l[shaking]a[shaking] te[scared][short_pause] [instant]r[scared]re est[instant] [shaking]chang [shaking]é[shaking]e en un ca[short_pause][instant]chot[instant] hu[shaking]mide - [short_pause][instant]me[scared]tt[scared]ez[instant] à geindre opini[scared]â[scared]tremen[shaking]--t	[colour:purple][instant]대지가[shaking] 축축한[shaking] 감옥으로[scared][short_pause] [instant]변하면,[scared] 그녀가[instant] 끈질기게[shaking]--[shaking]신음하는 소리를 들을 수 있지.	approved-quality	NSW resource의 명백한 미번역/잘못된 UI 문자열 수정
